{
  "pressure": {
    "vamos_ground_hPa": 945.71,
    "payerne_ground_hPa": 935.9,
    "difference_hPa": 9.81000000000006
  },
  "density": {
    "vamos_mean": 1.10156972360941,
    "payerne_mean": 1.1434201840772502,
    "bias_percent": -3.6601120962031928
  },
  "wind": {
    "surface_speed_mps": 0.3,
    "surface_dir_deg": 4.0,
    "max_speed_mps": 9.9,
    "max_shear_per_km": 33.98653038548565,
    "max_shear_altitude_m": 820.0
  }
}